Length;Heigth
0;508.5
41.06702465;508.5
70.10579627;509
99.1445679;509
140.2115925;509
169.2503642;509
198.2891358;509
227.3279074;509
256.366679;509
285.4054507;509
314.4442223;509
355.5112469;509.5
384.5500186;509.5
425.6170432;509.5
454.6558148;509.5
483.6945865;509.5
512.7333581;509.5
541.7721297;509.5
570.8109013;509.5
599.849673;509.5
628.8884446;510
657.9272162;510
686.9659878;510
716.0047595;510
745.0435311;510
774.0823027;510
803.1210743;510
844.188099;510
885.2551236;510
926.3221483;510
955.3609199;510
996.4279446;510.5
1025.466716;510.5
1066.533741;510.5
1095.572512;510.5
1124.611284;510.5
1165.678309;510.5
1194.71708;511
1235.784105;511
1264.822877;511
1293.861648;511
1322.90042;511
1351.939191;511
1380.977963;511.5
1410.016735;511.5
1439.055506;511.5
1468.094278;511.5
1497.133049;511.5
1526.171821;511.5
1555.210593;512
1584.249364;512
1613.288136;512
1654.35516;512
1683.393932;512
1712.432704;512
1741.471475;512
1770.510247;512.5
1799.549018;514.2036743
1840.616043;514.2036743
1881.683068;514.2036743
1922.750092;514.2036743
1951.788864;514.2036743
1980.827636;514.2036743
2021.89466;514.2036743
2062.961685;514.2036743
2104.02871;514.2036743
2133.067481;514.2036743
2174.134506;514.2036743
2215.20153;514.2036743
2256.268555;514.2036743
2297.33558;514.2036743
2338.402604;514.2036743
2367.441376;514.2036743
2396.480148;514.2036743
2425.518919;514.2036743
2466.585944;514.2036743
2495.624715;514.2036743
2536.69174;514.2036743
2577.758765;514.5
2618.825789;514.5
2647.864561;514.5
2688.931586;514.5
2717.970357;514.5
2759.037382;515
2788.076154;515
2829.143178;515
2858.18195;515
2887.220721;515
2928.287746;515
2957.326518;515.5
2998.393542;515.5
3027.432314;515.5
3056.471086;515.5
3085.509857;515.5
3126.576882;516
3167.643907;516
3196.682678;516
3237.749703;516
3278.816727;516
3307.855499;516.5
3348.922524;516.5
3389.989548;516.5
3419.02832;516.5
3460.095345;516.5
3489.134116;516.5
3530.201141;517
3559.239913;517
3588.278684;517
3629.345709;517
3658.38448;517
3687.423252;517.5
3716.462024;517.5
3745.500795;517.5
3774.539567;517.5
3803.578339;517.5
3832.61711;517.5
3861.655882;517.5
3902.722907;518
3943.789931;518
3972.828703;518
4001.867474;518
4042.934499;518
4071.973271;518.5
4101.012042;518.5
4142.079067;518.5
4171.117838;518.5
4200.15661;518.5
4229.195382;518.5
4258.234153;518.5
4299.301178;519
4328.33995;519
4357.378721;519
4386.417493;519
4415.456264;519
4456.523289;519.5
4497.590314;519.5
4526.629085;519.5
4567.69611;519.5
4596.734882;519.5
4625.773653;519.5
4666.840678;520
4707.907702;520
4748.974727;520
4790.041752;520
4819.080523;520
4848.119295;520.5
4877.158067;520.5
4906.196838;520.5
4935.23561;520.5
4964.274381;520.5
4993.313153;520.5
5022.351925;520.5
5051.390696;521
5080.429468;521
5109.468239;521
5138.507011;521
5167.545783;521
5208.612807;521
5237.651579;521.5
5266.69035;521.5
5295.729122;521.5
5324.767894;521.5
5365.834918;521.5
5394.87369;521.5
5423.912461;522
5464.979486;522
5506.046511;522
5535.085282;522
5564.124054;522
5605.191079;522.5
5634.22985;522.5
5663.268622;522.5
5704.335647;522.5
5733.374418;522.5
5762.41319;522.5
5791.451961;522.5
5832.518986;523
5861.557758;523
5890.596529;523
5931.663554;523
5960.702326;523
5989.741097;523
6030.808122;523.5
6059.846894;523.5
6100.913918;523.5
6129.95269;523.5
6158.991461;523.5
6200.058486;523.5
6229.097258;524
6258.136029;524
6299.203054;524
6328.241826;524
6369.30885;524
6398.347622;524
6427.386393;524.5
6468.453418;524.5
6497.49219;524.5
6538.559214;524.5
6567.597986;524.5
6608.665011;524.5
6637.703782;525
6678.770807;525
6719.837832;525
6760.904856;525
6801.971881;525
6843.038906;525.5
6872.077677;525.5
6913.144702;525.5
6954.211726;525.5
6983.250498;525.5
7012.28927;526
7041.328041;526
7070.366813;526
7099.405585;526
7140.472609;526
7181.539634;526
7210.578406;526.5
7251.64543;526.5
7292.712455;526.5
7333.779479;526.5
7374.846504;526.5
7415.913529;527
7456.980553;527
7498.047578;527
7527.08635;527
7556.125121;527
7597.192146;527.5
7638.259171;527.5
7679.326195;527.5
7720.39322;527.5
7749.431992;527.5
7778.470763;528
7807.509535;533.4334106
7836.548306;533.4334106
7877.615331;533.4334106
7906.654103;533.4334106
7935.692874;533.4334106
7976.759899;533.4334106
8017.826923;533.4334106
8046.865695;533.4334106
8075.904467;533.4334106
8116.971491;533.4334106
8146.010263;533.4334106
8187.077288;533.4334106
8216.116059;533.4334106
8257.183084;533.4334106
8298.250109;533.4334106
8339.317133;533.4334106
8368.355905;533.4334106
8409.42293;533.4334106
8450.489954;533.4334106
8491.556979;533.4334106
8520.59575;533.4334106
8561.662775;533.4334106
8590.701547;533.4334106
8631.768571;533.4334106
8672.835596;533.4334106
8713.902621;533.4334106
8754.969645;533.4334106
8796.03667;533.4334106
8837.103695;533.4334106
8878.170719;533.4334106
8919.237744;533.4334106
8948.276516;533.4334106
8989.34354;533.4334106
9030.410565;533.4334106
9071.477589;533.4334106
9112.544614;533.4334106
9141.583386;533.4334106
9182.65041;533.4334106
9211.689182;533.4334106
9240.727954;533.4334106
9281.794978;533.4334106
9310.83375;533.4334106
9351.900774;533.4334106
9392.967799;533.4334106
9434.034824;533.4334106
9463.073595;533.4334106
9492.112367;533.4334106
9521.151139;533.4334106
9550.18991;533.4334106
9591.256935;533.4334106
9620.295707;533.4334106
9649.334478;533.4334106
9678.37325;533.4334106
9719.440274;533.4334106
9748.479046;533.4334106
9777.517818;533.4334106
9818.584842;533.4334106
9859.651867;533.5
9888.690639;533.5
9929.757663;533.5
9970.824688;533.5
9999.86346;533.5
10040.93048;534
10081.99751;534
10123.06453;534
10152.10331;534
10181.14208;534
10210.18085;534
10239.21962;534.5
10280.28664;534.5
10321.35367;534.5
10350.39244;534.5
10379.43121;534.5
10408.46998;534.5
10437.50876;535
10478.57578;535
10507.61455;535
10536.65332;535
10565.6921;535
10594.73087;535.5
10623.76964;535.5
10652.80841;535.5
10681.84718;535.5
10710.88595;535.5
10751.95298;535.5
10780.99175;536
10810.03052;536
10839.06929;536
10880.13632;536
10909.17509;536
10938.21386;536
10967.25263;536
11008.31966;536.5
11037.35843;536.5
11066.3972;536.5
11107.46422;536.5
11136.503;536.5
11165.54177;537
11206.60879;537
11235.64756;537
11276.71459;537
11317.78161;537
11346.82039;537
11387.88741;537.5
11416.92618;537.5
11445.96495;537.5
11487.03198;537.5
11528.099;538
11557.13777;538
11586.17655;538
11627.24357;538
11668.31059;538
11709.37762;538.5
11750.44464;538.5
11791.51167;538.5
11832.57869;538.5
11861.61747;538.5
11902.68449;539
11943.75151;539
11984.81854;539
12025.88556;539
12066.95259;539
12108.01961;539.5
12137.05838;539.5
12166.09716;539.5
12195.13593;542.2044678
12236.20295;542.2044678
12277.26998;542.2044678
12318.337;542.2044678
12347.37577;542.2044678
12376.41455;542.2044678
12405.45332;542.2044678
12434.49209;542.2044678
12463.53086;542.2044678
12504.59788;542.2044678
12545.66491;542.2044678
12586.73193;542.2044678
12627.79896;542.2044678
12668.86598;542.2044678
12697.90475;542.2044678
12726.94353;542.2044678
12768.01055;542.2044678
12797.04932;542.2044678
12838.11635;542.2044678
12867.15512;542.2044678
12908.22214;542.2044678
12937.26092;542.2044678
12966.29969;542.2044678
13007.36671;542.2044678
13048.43374;542.2044678
13089.50076;542.2044678
13130.56779;542.2044678
13171.63481;542.5
13200.67358;542.5
13229.71235;542.5
13270.77938;542.5
13311.8464;542.5
13352.91343;542.5
13393.98045;543
13423.01922;543
13452.05799;543
13493.12502;543.5
13534.19204;544
13575.25907;544
13604.29784;544
13633.33661;544.5
13674.40364;544.5
13703.44241;545
13744.50943;545.5
13773.5482;545.5
13814.61523;546
13843.654;546
13884.72103;546.5
13913.7598;546.5
13954.82682;547
13983.86559;547.5
14024.93262;547.5
14053.97139;548
14095.03841;548
14124.07719;548
14153.11596;548.5
14182.15473;549
14223.22175;549
14252.26053;549.5
14281.2993;549.5
14310.33807;550
14339.37684;550
14368.41561;550.5
14397.45438;550.5
14426.49316;550.5
14467.56018;551
14496.59895;551
14525.63772;551.5
14554.67649;552
14583.71527;552
14612.75404;552.5
14653.82106;552.5
14682.85983;553
14711.89861;553
14740.93738;553.5
14769.97615;553.5
14799.01492;554
14828.05369;554
14857.09246;554
14898.15949;554.5
14927.19826;554.5
14968.26528;555
14997.30406;555
15026.34283;555.5
15055.3816;555.5
15084.42037;556
15113.45914;556
15142.49791;556
15183.56494;556.5
15212.60371;556.5
15253.67074;557
15282.70951;557
15323.77653;557.5
15352.8153;557.5
15381.85407;557.5
15410.89285;558
15451.95987;558
15493.0269;558.5
15534.09392;563.2164307
15563.13269;564.1224976
15604.19972;564.1224976
15633.23849;564.1224976
15674.30551;564.1224976
15715.37254;564.1224976
15744.41131;564.1224976
15773.45008;564.1224976
15802.48885;564.1224976
15843.55588;564.1224976
15884.6229;564.1224976
15925.68993;564.1224976
15966.75695;564.1224976
16007.82398;564.1224976
16048.891;564.1224976
16077.92977;564.1224976
16118.9968;564.1224976
16148.03557;564.1224976
16177.07434;564.1224976
16206.11311;564.1224976
16247.18014;564.1224976
16276.21891;564.1224976
16305.25768;564.1224976
16334.29645;564.5
16375.36348;564.5
16404.40225;565
16433.44102;565
16462.47979;565.5
16491.51856;565.5
16520.55733;565.5
16561.62436;566
16602.69138;566
16643.75841;566
16672.79718;566
16701.83595;568.6934204
16730.87472;570.5263672
16759.91349;570.5263672
16800.98052;570.5263672
16830.01929;570.5263672
16859.05806;571.1099854
16900.12509;571.1099854
16941.19211;571.1099854
16982.25914;571.1099854
17011.29791;572.666687
17052.36493;584.4039307
17081.4037;584.4039307
17110.44248;585.4276733
17139.48125;585.4276733
17168.52002;585.4276733
17209.58704;585.4276733
17238.62581;584.480835
17279.69284;584.480835
17308.73161;591.0432129
17349.79864;592.8453369
17378.83741;592.8453369
17407.87618;593.5974121
17436.91495;593.5974121
17465.95372;593.5974121
17507.02075;593.5974121
17536.05952;593.5974121
17565.09829;593.5974121
17594.13706;593.5974121
17635.20409;593.2230835
17664.24286;596.2885742
17705.30988;597.6601563
17746.37691;597.6601563
17787.44393;597.6601563
17816.4827;597.6601563
17845.52147;597.6601563
17874.56025;597.6601563
17903.59902;597.6601563
17932.63779;597.6601563
17973.70481;597.5004883
18002.74359;595.4745483
18043.81061;595.4745483
18084.87764;595.4745483
18125.94466;595.4745483
18167.01168;595.4745483
18196.05046;600.0066528
18237.11748;600.0066528
18266.15625;600.0066528
18307.22328;600.0066528
18336.26205;601.7485352
18365.30082;601.7485352
18406.36785;601.7485352
18435.40662;601.7485352
18476.47364;601.7485352
18505.51241;601.7485352
18546.57944;603.8745117
18575.61821;604.0583496
18616.68523;605.5517578
18645.72401;610.2492676
18686.79103;612.4344482
18727.85805;619.8973999
18756.89683;621.1033325
18797.96385;621.1033325
18839.03088;621.1033325
18880.0979;621.1033325
18921.16492;621.1033325
18950.2037;621.1033325
18979.24247;626.4614258
19008.28124;631.7588501
19037.32001;631.7588501
19066.35878;631.7588501
19107.42581;631.7588501
19136.46458;632.3287354
19165.50335;634.0453491
19206.57038;630.5883179
19247.6374;627.0981445
19288.70442;625.8694458
19329.77145;625.0928345
19358.81022;624.5964966
19399.87725;624.5964966
19428.91602;624.5964966
19469.98304;624.5964966
19499.02181;624.5964966
19528.06059;624.5964966
19557.09936;624.5964966
19586.13813;624.5964966
19615.1769;624.5964966
19644.21567;626.5203247
19673.25444;629.9864502
19702.29321;629.1054077
19731.33199;626.4206543
19772.39901;630.4141846
19801.43778;623.2275391
19842.50481;623.2275391
19883.57183;626.5327148
19924.63886;622.4629517
19965.70588;621.7957764
20006.77291;621.7957764
20047.83993;621.7957764
20076.8787;621.7957764
20117.94573;628.3131714
20146.9845;629.0834961
20176.02327;630.8557739
20205.06204;631.5736084
20246.12907;625.90448
20275.16784;622.2540894
20304.20661;622.2540894
20345.27363;623.2579346
20374.31241;619.373291
20403.35118;619.373291
20432.38995;619.373291
20473.45697;619.373291
20502.49575;619.373291
20531.53452;619.373291
20560.57329;619.373291
20589.61206;619.373291
20618.65083;619.373291
20647.6896;619.373291
20676.72837;619.5047607
20705.76715;619.373291
20734.80592;619.373291
20763.84469;619.373291
20792.88346;619.373291
20833.95049;619.373291
20862.98926;619.373291
20892.02803;620.4212036
20933.09505;616.2288208
20962.13383;616.2288208
20991.1726;627.0887451
21020.21137;628.2398682
21061.27839;633.6239014
21090.31716;625.9509277
21119.35594;625.9509277
21148.39471;623.5800171
21177.43348;622.2807007
21206.47225;622.2807007
21247.53928;622.2807007
21276.57805;622.2807007
21317.64507;622.2807007
21346.68384;622.2807007
21375.72262;622.2807007
21404.76139;622.2807007
21433.80016;622.2807007
21474.86718;622.2807007
21503.90595;622.2807007
21532.94473;622.2807007
21561.9835;627.0263062
21591.02227;626.8045044
21620.06104;622.2807007
21649.09981;622.2807007
21678.13858;622.2807007
21707.17736;617.3615723
21736.21613;617.3615723
21765.2549;617.3615723
21794.29367;617.6260376
21823.33244;626.6804199
21852.37121;626.6804199
21881.40999;626.6804199
21922.47701;626.6804199
21963.54403;627.2197266
22004.61106;626.6804199
22045.67808;626.6804199
22074.71686;626.6804199
22115.78388;626.6804199
22156.85091;626.6804199
22185.88968;626.6804199
22226.9567;626.6804199
22255.99547;626.9217529
22285.03424;626.9217529
22314.07302;626.9217529
22343.11179;626.9217529
22372.15056;626.9217529
22401.18933;626.9217529
22442.25636;632.8804932
22471.29513;627.2284546
22500.3339;627.1242676
22529.37267;627.1242676
22570.4397;631.0977783
22599.47847;631.0977783
22628.51724;631.0977783
22669.58426;635.9541626
22698.62303;635.9541626
22739.69006;635.9541626
22768.72883;635.9541626
22809.79586;635.9541626
22850.86288;635.9541626
22891.92991;628.7155151
22932.99693;630.5148926
22974.06395;634.263916
23003.10273;633.8753052
23032.1415;633.3807983
23061.18027;632.5097656
23090.21904;636.1170654
23119.25781;637.4501953
23148.29658;639.0046387
23189.36361;644.7163696
23218.40238;646.9310913
23247.44115;646.9310913
23288.50818;646.9310913
23317.54695;646.9310913
23346.58572;646.9310913
23375.62449;646.9310913
23404.66326;646.9310913
23445.73029;646.9310913
23486.79731;646.9310913
23515.83608;646.9310913
23544.87486;646.9310913
23585.94188;645.9234009
23614.98065;647.397644
23644.01942;649.7028809
23685.08645;648.9962158
23714.12522;646.3756104
23743.16399;646.3756104
23784.23102;646.5892334
23813.26979;646.3756104
23854.33681;646.3756104
23895.40384;646.3756104
23924.44261;646.3756104
23953.48138;646.3756104
23982.52015;643.9692383
24011.55892;643.9692383
24040.59769;644.2268677
24069.63647;644.2594604
24098.67524;646.4880371
24127.71401;647.312561
24156.75278;647.312561
24185.79155;647.312561
24226.85858;653.161499
24255.89735;653.161499
24296.96437;655.1153564
24326.00315;655.1153564
24367.07017;655.1153564
24408.13719;658.0822144
24449.20422;659.5458374
24490.27124;659.5458374
24531.33827;659.5458374
24560.37704;659.5458374
24589.41581;663.8526611
24630.48284;666.8936157
24671.54986;662.4320679
24700.58863;662.4320679
24741.65566;665.6691895
24770.69443;662.4320679
24799.7332;666.0493774
24828.77197;662.975769
24857.81074;660.0682373
24886.84952;662.5861206
24927.91654;665.7451782
24956.95531;665.7451782
24998.02234;665.7451782
25027.06111;665.7451782
25068.12813;665.7451782
25109.19516;665.7451782
25138.23393;665.7451782
25167.2727;665.7451782
25196.31147;665.7451782
25225.35024;665.7451782
25266.41727;665.7451782
25307.48429;665.7451782
25348.55132;665.7451782
25377.59009;665.7451782
25406.62886;667.289978
25447.69589;667.454834
25476.73466;670.5844116
25517.80168;670.5844116
25558.86871;670.5844116
25599.93573;673.5064697
25628.9745;673.5064697
25658.01327;675.7174072
25699.0803;675.7174072
25740.14732;675.7610474
25781.21435;678.8114624
25810.25312;678.8114624
25851.32014;680.8540039
25880.35892;680.8540039
25909.39769;681.4067993
25938.43646;683.1728516
25979.50348;683.3134766
26020.57051;689.7838135
26049.60928;689.7838135
26090.6763;689.7838135
26119.71508;689.7838135
26160.7821;693.3152466
26189.82087;693.3152466
26218.85964;693.3152466
26247.89842;694.2861328
26288.96544;697.3166504
26330.03247;697.3166504
26359.07124;697.3166504
26388.11001;697.4920654
26417.14878;695.6402588
26458.2158;697.2771606
26487.25458;695.6402588
26528.3216;695.6402588
26569.38863;695.6402588
26610.45565;695.6402588
26651.52267;695.6402588
26680.56145;694.8444824
26709.60022;694.8444824
26750.66724;694.8444824
26791.73427;694.8444824
26820.77304;694.8444824
26849.81181;698.2444458
26878.85058;703.210144
26907.88935;696.6065674
26936.92813;694.3318481
26977.99515;699.269104
27007.03392;696.1203003
27036.07269;694.3436279
27065.11146;694.3318481
27106.17849;694.9924316
27147.24551;700.4667358
27176.28429;700.4667358
27205.32306;700.4667358
27246.39008;700.4667358
27275.42885;700.4667358
27304.46763;700.4667358
27345.53465;700.4667358
27386.60167;700.4667358
27415.64045;700.4667358
27444.67922;700.4667358
27473.71799;700.4667358
27502.75676;697.295105
27531.79553;694.1606445
27572.86256;691.9719849
27601.90133;694.1279297
27630.9401;697.2432251
27672.00712;695.1974487
27713.07415;693.2982178
27742.11292;693.6061401
27771.15169;694.9259644
27800.19046;694.0697021
27841.25749;691.6901245
27882.32451;691.1856079
27911.36329;692.0006714
27952.43031;692.5647583
27981.46908;692.5647583
28010.50785;692.5444946
28051.57488;693.6382446
28092.6419;694.2959595
28121.68067;694.2459717
28150.71945;693.8012695
28179.75822;693.1555786
28220.82524;695.4119873
28261.89227;699.5976563
28290.93104;695.2600708
28319.96981;694.364563
28349.00858;694.364563
28378.04735;694.5917969
28419.11438;697.5227661
28460.1814;701.4297485
28489.22017;693.3252563
28518.25895;692.0593262
28559.32597;695.1921387
28588.36474;692.0593262
28617.40351;692.0593262
28646.44228;692.0593262
28675.48106;692.0593262
28704.51983;692.4071655
28745.58685;694.4457397
28774.62562;693.5153198
28803.6644;693.7979736
28844.73142;700.0356445
28873.77019;698.5482788
28902.80896;693.9471436
28943.87599;693.9471436
28972.91476;694.3862305
29001.95353;697.1243286
29043.02056;697.461853
29084.08758;698.0288696
29125.15461;694.5582275
29154.19338;693.1726685
29183.23215;693.8265991
29212.27092;695.5227051
29253.33795;693.0974731
29294.40497;692.7807007
29335.47199;692.1774292
29364.51077;692.1774292
29393.54954;692.1774292
29434.61656;692.1774292
29463.65533;689.7528076
29492.69411;689.5189819
29533.76113;692.791748
29562.7999;693.3580322
29591.83867;693.3580322
29632.9057;695.9338989
29673.97272;700.3118896
29703.01149;695.7626953
29732.05027;695.583313
29773.11729;696.8800049
29802.15606;700.885437
29831.19483;699.8734741
29860.23361;699.8734741
29889.27238;699.8734741
29918.31115;699.8734741
29947.34992;699.8734741
29988.41694;701.3717041
30017.45572;697.6931152
30058.52274;697.6931152
30087.56151;697.6931152
30116.60028;697.6931152
30157.66731;697.6931152
30198.73433;696.706604
30227.77311;699.654541
30256.81188;699.5056763
30297.8789;696.706604
30326.91767;696.706604
30355.95644;696.706604
30384.99522;696.706604
30414.03399;696.706604
30443.07276;696.1575928
30484.13978;696.1575928
30513.17856;696.6220093
30542.21733;698.125
30571.2561;698.125
30612.32312;696.9387817
30641.36189;696.0950928
30682.42892;697.704834
30711.46769;696.4177246
30752.53472;696.6920166
30793.60174;698.8412476
30834.66877;698.8412476
30863.70754;701.0740967
30904.77456;702.5098877
30933.81333;700.2001953
30974.88036;700.2001953
31015.94738;700.2001953
31044.98615;700.2001953
31086.05318;700.2001953
31127.1202;700.2001953
31168.18723;700.2001953
31209.25425;700.2001953
31238.29302;700.2001953
31267.3318;700.2001953
31308.39882;699.2973022
31337.43759;699.2973022
31378.50462;697.1828003
31407.54339;697.1828003
31448.61041;697.1828003
31477.64918;697.1828003
31506.68796;694.3098755
31535.72673;694.3098755
31576.79375;693.9189453
31605.83252;697.5542603
31634.8713;697.5542603
31663.91007;697.5542603
31704.97709;698.9946289
31734.01586;698.9946289
31763.05463;698.9946289
31792.09341;702.8068237
31821.13218;701.0214233
31862.1992;701.0214233
31903.26623;701.0214233
31944.33325;701.0214233
31973.37202;701.0214233
32002.4108;701.5092773
32031.44957;697.4741821
32072.51659;697.4741821
32113.58362;697.9355469
32142.62239;697.4741821
32171.66116;697.6754761
32200.69993;706.0740967
32229.7387;710.5615845
32270.80573;706.9136353
32299.8445;704.1665039
32328.88327;704.1665039
32357.92204;704.1665039
32398.98907;704.1665039
32440.05609;704.1665039
32469.09486;704.1665039
32498.13363;704.1665039
32527.17241;704.1665039
32568.23943;704.1665039
32609.30646;705.4775391
32650.37348;704.1665039
32679.41225;704.1665039
32720.47928;704.1665039
32749.51805;704.1665039
32790.58507;699.7854614
32831.6521;701.637085
32860.69087;703.0439453
32889.72964;709.9067993
32930.79667;709.8360596
32971.86369;709.8360596
33012.93071;706.9483032
33053.99774;706.9483032
33095.06476;706.9483032
33136.13179;707.0395508
33165.17056;703.3381958
33194.20933;703.3381958
33223.2481;703.3381958
33252.28687;703.3381958
33281.32565;703.3381958
33310.36442;703.3381958
33339.40319;703.3381958
33380.47021;703.3381958
33409.50899;703.3381958
33438.54776;702.1071777
33479.61478;702.1071777
33520.68181;701.5200806
33561.74883;701.5200806
33602.81586;703.4943237
33631.85463;702.7941284
33660.8934;702.9465942
33689.93217;703.4458008
33730.9992;703.5544434
33760.03797;701.5200806
33801.10499;701.5200806
33842.17202;702.3343506
33871.21079;700.2598267
33912.27781;700.2598267
33941.31658;702.3648682
33970.35536;704.1071167
33999.39413;704.1071167
34040.46115;703.1764526
34081.52818;707.7017212
34122.5952;703.8031006
34151.63397;712.3937988
34180.67274;717.0924683
34209.71152;720.4332275
34238.75029;720.4332275
34267.78906;720.4332275
34296.82783;721.8948364
34325.8666;728.1065063
34366.93363;728.1893921
34408.00065;731.7358398
34449.06768;731.7358398
34490.1347;731.7358398
34531.20173;731.7358398
34572.26875;731.7358398
34601.30752;731.7358398
34642.37455;731.7358398
34671.41332;729.0046997
34700.45209;727.8939819
34729.49086;727.8939819
34758.52963;729.7245483
34799.59666;732.5305786
34828.63543;732.7272949
34869.70245;734.9832153
34898.74123;734.9832153
34939.80825;734.9832153
34980.87528;734.9832153
35009.91405;736.2932129
35038.95282;738.8885498
35067.99159;740.9036865
35109.05861;740.9036865
35150.12564;742.1030884
35191.19266;740.1842041
35232.25969;739.4291992
35273.32671;739.4291992
35314.39374;739.4291992
35355.46076;739.4291992
35396.52779;739.4291992
35437.59481;739.4291992
35466.63358;739.4291992
35507.70061;735.2041016
35548.76763;739.1474609
35589.83466;737.2769775
35630.90168;740.9119263
35671.96871;741.642395
35701.00748;738.5706177
35742.0745;738.5706177
35783.14153;738.5706177
35824.20855;740.2001953
35853.24732;738.4816895
35882.2861;738.4816895
35911.32487;738.4816895
35940.36364;738.4816895
35969.40241;738.4816895
36010.46944;741.1721191
36051.53646;741.1721191
36092.60348;741.1721191
36133.67051;741.1721191
36174.73753;741.1721191
36203.77631;741.1721191
36232.81508;741.1721191
36261.85385;741.1721191
36302.92087;745.9916992
36331.95964;748.5701294
36360.99842;749.8400879
36402.06544;749.8400879
36431.10421;749.8400879
36460.14298;749.8400879
36489.18176;749.8400879
36518.22053;749.8400879
36559.28755;749.8400879
36600.35458;749.8400879
36641.4216;749.8400879
36670.46037;749.8400879
36699.49914;749.8400879
36728.53792;755.3786621
36769.60494;758.4343262
36810.67197;758.4343262
36839.71074;758.4343262
36868.74951;758.5155029
36909.81653;758.5155029
36950.88356;758.5155029
36979.92233;758.5155029
37020.98935;758.5155029
37062.05638;758.5155029
37091.09515;753.3514404
37132.16218;751.019165
37161.20095;751.019165
37190.23972;751.019165
37219.27849;751.019165
37260.34551;752.9127808
37289.38429;761.9504395
37330.45131;764.7250977
37371.51834;764.7250977
37400.55711;764.7250977
37441.62413;763.9695435
37482.69116;763.9695435
37511.72993;763.9695435
37540.7687;767.1098633
37581.83572;774.4099121
37610.8745;774.8776245
37651.94152;783.1513062
37693.00855;781.6271362
37734.07557;765.0421753
37763.11434;763.982605
37804.18137;763.982605
37833.22014;766.4786987
37874.28716;766.5144043
37915.35419;764.0424805
37956.42121;764.0424805
37997.48824;764.0424805
38026.52701;765.234375
38067.59403;763.4016724
38096.6328;762.861145
38125.67158;762.8143311
38154.71035;762.0500488
38183.74912;762.0500488
38224.81614;763.4710693
38265.88317;767.4967041
38294.92194;763.2598267
38335.98896;765.1746216
38377.05599;767.7982178
38406.09476;771.0172119
38435.13353;768.7831421
38464.1723;766.4490356
38493.21108;764.1618042
38522.24985;762.262207
38563.31687;767.2935181
38592.35564;766.701355
38621.39442;766.701355
38650.43319;766.701355
38691.50021;766.8696289
38732.56724;767.6303711
38773.63426;778.6390381
38814.70129;781.1139526
38855.76831;780.355896
38884.80708;766.368042
38925.87411;773.2177734
38966.94113;777.571228
39008.00816;772.4651489
39049.07518;767.9130249
39078.11395;766.4484253
39119.18098;765.067688
39160.248;765.067688
39189.28677;765.067688
39230.3538;765.067688
39259.39257;765.067688
39288.43134;766.4161987
39329.49837;766.9747314
39370.56539;777.7318115
39411.63241;782.1202393
39440.67119;776.7341919
39469.70996;776.7341919
39498.74873;778.8922729
39527.7875;778.8922729
39556.82627;778.8922729
39597.8933;778.8922729
39638.96032;778.8922729
39667.99909;778.8922729
39697.03787;778.8922729
39726.07664;778.5083618
39755.11541;777.9465332
39784.15418;777.9465332
39813.19295;777.9465332
39842.23172;781.404541
39883.29875;779.8792114
39924.36577;776.3669434
39965.4328;778.1902466
39994.47157;773.6187744
40023.51034;772.1264038
40052.54911;771.532959
40081.58788;771.532959
40122.65491;780.1792603
40163.72193;780.1792603
40192.7607;780.1792603
40233.82773;780.1792603
40274.89475;780.1792603
40315.96178;779.7003784
40357.0288;773.0679321
40386.06757;769.3537598
40427.1346;772.6967773
40468.20162;767.3674316
40497.2404;767.3674316
40538.30742;767.3674316
40567.34619;767.3674316
40596.38496;778.8908691
40637.45199;786.9036255
40666.49076;786.9036255
40695.52953;787.1461182
40724.5683;795.5330811
40765.63533;796.5352783
40794.6741;796.5352783
40823.71287;796.5352783
40852.75164;796.5352783
40893.81867;796.5352783
40934.88569;796.5352783
40975.95272;796.5352783
41004.99149;797.5029907
41046.05851;795.5701294
41087.12554;786.2749023
41128.19256;784.994873
41169.25959;784.994873
41210.32661;784.994873
41251.39364;790.0667114
41292.46066;786.4702759
41333.52769;790.2394409
41362.56646;790.2394409
41403.63348;797.0214844
41444.70051;790.1558838
41485.76753;779.2550049
41514.8063;779.2550049
41543.84507;783.5332031
41584.9121;783.5332031
41625.97912;783.5332031
41655.01789;783.5332031
41696.08492;783.5332031
41737.15194;783.5332031
41766.19072;783.5332031
41795.22949;783.5332031
41824.26826;783.8059692
41865.33528;783.8059692
41894.37406;783.8059692
41935.44108;787.3625488
41976.5081;790.5010986
42005.54688;780.5431519
42034.58565;779.3096313
42063.62442;775.5955811
42092.66319;773.1587524
42133.73022;773.1587524
42162.76899;774.0116577
42203.83601;772.8286743
42244.90304;772.8286743
42273.94181;773.7764282
42315.00883;772.0727539
42356.07586;773.0180664
42397.14288;773.6983643
42438.20991;779.4414063
42479.27693;784.7371216
42520.34396;789.6867676
42549.38273;789.6867676
42590.44975;788.3023682
42631.51678;788.3023682
42672.5838;788.3023682
42713.65083;788.3023682
42754.71785;788.3023682
42783.75662;788.3023682
42812.79539;790.2285156
42841.83417;794.5692139
42870.87294;797.6377563
42899.91171;797.258606
42940.97873;791.008728
42982.04576;791.008728
43023.11278;791.1241455
43064.17981;790.6130371
43093.21858;790.6130371
43122.25735;790.6130371
43163.32438;790.6130371
43204.3914;790.6130371
43245.45842;790.6130371
43286.52545;794.2468872
43315.56422;790.0426025
43344.60299;790.0426025
43373.64176;790.0426025
43402.68054;790.0426025
43431.71931;790.0426025
43460.75808;790.0426025
43489.79685;790.0426025
43518.83562;790.0426025
43547.87439;790.0426025
43576.91317;795.7716064
43617.98019;795.8366089
43659.04722;790.3166504
43700.11424;791.7931519
43741.18126;791.12323
43770.22004;785.5429077
43811.28706;787.9108887
43840.32583;785.4178467
43869.3646;785.4178467
43910.43163;792.6976929
43939.4704;791.3579712
43980.53742;795.5332031
44009.5762;788.8751831
44050.64322;784.3754883
44091.71025;793.1477051
44120.74902;781.3883667
44161.81604;791.045166
44202.88307;795.8530273
44243.95009;796.680603
44285.01712;789.5499268
44326.08414;787.8067627
44355.12291;782.8924561
44396.18994;778.2579346
44437.25696;778.4407959
44478.32399;792.8167114
44519.39101;790.4945068
44548.42978;778.1062012
44589.49681;778.1062012
44630.56383;779.2575073
44671.63086;778.661499
44700.66963;779.2963867
44729.7084;779.1686401
44758.74717;779.6052856
44787.78594;779.6575928
44816.82471;778.7294922
44845.86349;778.7294922
44874.90226;779.1994019
44915.96928;787.8758545
44957.03631;788.8032227
44998.10333;784.2945557
45039.17036;777.5966187
45080.23738;777.5966187
45121.30441;779.2033081
45162.37143;778.4990845
45203.43845;777.4303589
45232.47723;777.4303589
45273.54425;777.4303589
45314.61128;777.9680176
45343.65005;778.0701904
45384.71707;777.7536621
45425.7841;777.7196045
45466.85112;777.8806763
45507.91815;778.1387329
45548.98517;777.4818726
45590.0522;777.928894
45631.11922;777.9456177
45660.15799;778.3549194
45701.22502;781.1512451
45730.26379;780.2908936
45771.33081;779.6951294
45812.39784;778.7227173
45853.46486;779.3036499
45894.53189;779.8535156
45935.59891;780.7050781
45976.66594;780.3269653
46005.70471;780.7931519
46034.74348;780.4400635
46063.78225;779.9403076
46104.84928;779.713501
46145.9163;780.3460693
46174.95507;780.043457
46216.0221;780.201416
46257.08912;779.932373
46298.15615;780.0810547
46327.19492;779.8853149
46368.26194;780.1363525
46397.30071;779.1904297
46438.36774;778.9195557
46479.43476;778.9438477
46520.50179;778.8584595
46549.54056;778.9813232
46590.60758;779.1801147
46631.67461;779.1087036
46660.71338;779.1743164
46689.75215;779.2930908
46730.81918;779.1743164
46771.8862;779.5797729
46800.92497;780.0144043
46829.96374;780.3289185
46859.00252;780.3181763
46900.06954;780.6890259
46941.13656;780.8058472
46970.17534;780.2468872
47011.24236;780.7203369
47040.28113;781.0767822
47069.3199;780.8758545
47110.38693;780.5914917
47139.4257;781.1282959
47168.46447;780.8070679
47209.5315;780.5407715
47250.59852;780.4060669
47279.63729;780.6225586
47308.67606;780.3580933
47349.74309;780.3555298
47378.78186;780.5141602
47407.82063;781.3504639
47448.88766;780.2623291
47477.92643;780.8922119
47518.99345;780.722229
47548.03223;780.6947021
47577.071;781.4085083
47606.10977;781.9497681
47635.14854;781.5827026
47664.18731;781.463501
47693.22608;781.463501
47722.26485;781.463501
47763.33188;781.463501
47792.37065;781.463501
47821.40942;781.463501
47862.47645;781.463501
47891.51522;781.1062012
47932.58224;781.1062012
47961.62102;781.1062012
47990.65979;781.1062012
48031.72681;786.9831543
48060.76558;793.8300171
48101.83261;796.5860596
48142.89963;792.6183472
48171.9384;788.8658447
48213.00543;788.8658447
48254.07245;795.2333984
48283.11123;788.8658447
48324.17825;790.4890747
48365.24527;789.697876
48406.3123;797.00354
48435.35107;786.3587036
48476.4181;791.4296875
48517.48512;788.477478
48558.55214;789.0151978
48599.61917;797.5648193
48628.65794;790.2371216
48669.72497;792.7166748
48710.79199;795.5408325
48739.83076;790.2371216
48780.89779;792.2498169
48821.96481;791.6156616
48863.03184;787.6218262
48892.07061;789.1467896
48921.10938;790.5261841
48962.1764;789.8410645
49003.24343;796.4368286
49032.2822;792.4121094
49073.34922;797.0072021
49102.388;791.324707
49131.42677;790.3021851
49160.46554;790.3021851
49201.53256;791.8023071
49230.57134;790.3021851
49259.61011;790.3021851
49288.64888;790.7921753
49329.7159;794.2542725
49358.75468;790.383667
49387.79345;790.383667
49428.86047;795.1768799
49457.89924;791.2565918
49498.96627;795.22052
49528.00504;792.085144
49569.07206;795.8276978
49598.11084;792.3535767
49627.14961;791.5374146
49668.21663;791.1470337
49709.28366;790.7557983
49738.32243;791.2702026
49767.3612;793.2957153
49808.42822;790.987854
49837.467;793.2944946
49866.50577;797.6637573
49907.57279;803.0119019
49936.61156;805.3554077
49965.65034;805.3554077
49994.68911;805.3554077
50023.72788;805.3554077
50052.76665;802.9838867
50081.80542;802.9838867
50122.87245;802.9838867
50163.93947;811.3995361
50192.97824;811.765625
50222.01701;812.6923828
50251.05579;814.618103
50280.09456;814.3887939
50309.13333;813.2507324
50338.1721;813.2507324
50367.21087;813.2507324
50408.2779;813.2507324
50437.31667;813.2507324
50466.35544;813.2507324
50507.42247;813.2507324
50548.48949;813.2507324
50589.55651;813.2507324
50630.62354;813.2507324
50671.69056;813.2507324
50712.75759;813.2507324
50741.79636;813.2507324
50782.86338;813.2507324
50811.90216;813.2507324
50852.96918;813.2507324
50894.03621;811.0419922
50935.10323;811.2109375
50964.142;811.0419922
50993.18077;811.0419922
51034.2478;811.8345337
51063.28657;811.888855
51104.35359;811.888855
51145.42062;811.888855
51186.48764;810.2338867
51227.55467;810.8950806
51256.59344;809.7780151
51297.66046;809.0609131
51338.72749;810.8190918
51367.76626;812.9580688
51408.83329;810.2374878
51449.90031;808.5111084
51478.93908;808.9355469
51520.00611;808.5809326
51561.07313;808.6950073
51602.14016;808.9744873
51631.17893;809.0952148
51660.2177;809.1901855
51701.28472;808.5805664
51730.3235;810.4032593
51771.39052;812.1750488
51812.45754;812.6271362
51853.52457;813.5739746
51882.56334;813.3718262
51923.63037;812.8562012
51964.69739;812.673645
52005.76441;813.22229
52046.83144;812.9439697
52075.87021;813.1077881
52116.93724;814.572876
52145.97601;814.572876
52175.01478;816.0449219
52216.0818;822.5273438
52245.12058;822.5273438
52286.1876;825.4047241
52327.25462;833.5291748
52368.32165;830.7236938
52397.36042;830.7236938
52438.42745;831.9039917
52467.46622;830.7236938
52508.53324;830.7236938
52549.60027;830.7236938
52578.63904;830.7236938
52607.67781;831.8035889
52636.71658;830.7236938
52677.78361;830.7236938
52706.82238;830.7236938
52747.8894;830.7236938
52788.95643;830.7236938
52817.9952;830.7236938
52847.03397;833.4225464
52888.10099;833.4225464
52917.13977;833.5214233
52958.20679;835.555603
52987.24556;836.9227295
53016.28433;837.9382324
53045.32311;839.0858765
53074.36188;839.0858765
53103.40065;839.0858765
53132.43942;839.0858765
53173.50644;839.0858765
53202.54522;839.0858765
53243.61224;839.9937134
53272.65101;841.6638794
53301.68978;842.2735596
53330.72856;842.2735596
53359.76733;842.6566162
53400.83435;847.307373
53429.87312;855.1681519
53458.9119;857.684082
53487.95067;857.684082
53516.98944;860.3231201
53558.05646;857.8703613
53587.09523;854.0908813
53616.13401;856.4140625
53657.20103;859.678772
53698.26806;857.595459
53739.33508;849.5827637
53780.40211;846.8074341
53809.44088;848.0142822
53838.47965;848.2236938
53867.51842;845.8498535
53896.55719;845.3707886
53925.59596;845.005127
53954.63473;845.005127
53995.70176;845.005127
54036.76878;845.2554321
54065.80756;844.8066406
54106.87458;845.4412231
54135.91335;850.0805054
54176.98038;854.3904419
54206.01915;854.6825562
54235.05792;852.9043579
54276.12494;850.6329956
54317.19197;849.4591064
54346.23074;851.6514893
54375.26951;851.5493774
54416.33654;851.4677124
54445.37531;847.2566528
54474.41408;845.6491699
54515.4811;845.6491699
54556.54813;845.7316895
54597.61515;845.9153442
54626.65393;845.2362061
54667.72095;846.4852905
54708.78798;850.7527466
54737.82675;854.277771
54778.89377;853.8181763
54819.9608;850.8129883
54861.02782;851.46698
54902.09485;850.0089111
54943.16187;848.0441895
54972.20064;849.8590698
55001.23941;847.9640503
55030.27818;847.9640503
55059.31696;847.9640503
55100.38398;849.835022
55129.42275;847.8520508
55170.48978;847.4174805
55211.5568;848.2367554
55252.62383;848.3218994
55293.69085;849.7525024
55322.72962;849.1547852
55351.76839;851.7841797
55380.80717;852.3508301
55421.87419;852.6257324
55462.94122;855.2695313
55504.00824;859.7404785
55545.07526;860.2380981
55586.14229;859.4710083
55615.18106;857.0043335
55656.24809;851.1281738
55685.28686;852.2371216
55726.35388;852.1828003
55755.39265;851.1281738
55784.43142;851.9824219
55825.49845;849.7727661
55866.56547;853.0895996
55895.60425;849.75
55936.67127;850.2541504
55977.7383;848.5176392
56018.80532;848.6532593
56059.87234;853.2601929
56100.93937;853.7019043
56142.00639;851.3199463
56171.04517;851.1887817
56212.11219;852.0778809
56241.15096;851.1887817
56282.21799;853.9017334
56311.25676;852.833252
56352.32378;855.5598145
56393.39081;853.5526123
56422.42958;853.232605
56451.46835;854.9918823
56492.53538;853.232605
56521.57415;855.2727051
56550.61292;859.2824707
56591.67994;860.4317017
56632.74697;860.4317017
56673.81399;865.3284302
56702.85276;871.3585205
56743.91979;877.3141479
56784.98681;884.0211792
56826.05384;887.1195679
56867.12086;888.081543
56896.15963;884.7303467
56937.22666;880.3677979
56966.26543;881.2008057
56995.3042;881.2930298
57024.34297;881.204895
57065.41;882.9122314
57106.47702;884.515686
57147.54405;887.4578247
57188.61107;885.9776611
57229.6781;885.9776611
57270.74512;885.9776611
57311.81215;889.911499
57340.85092;896.8493652
57381.91794;896.8493652
57422.98497;896.8493652
57464.05199;896.8493652
57493.09076;896.8493652
57522.12953;896.8493652
57551.16831;899.3406982
57580.20708;899.3406982
57609.24585;899.3406982
57650.31287;899.3406982
57679.35165;899.3406982
57708.39042;899.3406982
57737.42919;899.3406982
57778.49621;899.3406982
57807.53499;899.3406982
57836.57376;893.4430542
57877.64078;893.8729858
57906.67955;894.2802734
57935.71832;894.7409668
57976.78535;894.6765137
58005.82412;894.6765137
58034.86289;895.9642944
58063.90166;896.6616211
58104.96869;897.177124
58134.00746;897.2979736
58163.04623;899.0407715
58192.085;900.2402954
58221.12378;900.2402954
58250.16255;900.2402954
58279.20132;900.2402954
58308.24009;900.2402954
58349.30711;902.2849731
58378.34589;902.2849731
58407.38466;902.8712158
58436.42343;904.3574829
58465.4622;909.6137695
58494.50097;911.3622437
58523.53974;912.4177856
58564.60677;914.5623779
58593.64554;916.3771362
58634.71257;919.5223999
58675.77959;919.5223999
58704.81836;919.5223999
58745.88539;919.5223999
58786.95241;919.5223999
58815.99118;919.5223999
58845.02995;919.5223999
58886.09698;921.6154785
58915.13575;923.7958984
58944.17452;923.7958984
58985.24155;923.9619141
59026.30857;923.9619141
59055.34734;924.1871948
59084.38611;931.4151001
59125.45314;931.4151001
59154.49191;931.5650024
59183.53068;932.3754883
59212.56945;934.7155151
59241.60823;936.493042
59270.647;941.564209
59311.71402;946.3529053
59340.75279;947.7319946
59369.79157;947.7319946
59398.83034;949.1150513
59439.89736;950.1394653
59480.96439;957.1646729
59510.00316;964.7929077
59551.07018;966.8969116
59592.13721;968.9742432
59621.17598;972.583374
59662.243;975.8395386
59691.28178;975.8395386
59720.32055;975.8395386
59749.35932;975.8395386
59778.39809;975.8395386
59807.43686;977.1829834
59836.47563;977.1829834
59865.5144;977.1829834
59894.55318;978.9597778
59935.6202;980.4632568
59964.65897;980.4632568
59993.69774;980.4632568
60022.73652;980.4632568
60051.77529;980.4632568
60092.84231;980.4632568
60121.88108;980.4632568
60162.94811;980.4632568
60204.01513;982.7616577
60245.08216;982.7616577
60274.12093;982.7616577
60303.1597;982.7616577
60332.19847;982.7616577
60361.23724;982.7616577
60402.30427;985.7373047
60443.37129;986.0404053
60484.43832;990.1870117
60525.50534;990.1870117
60554.54411;990.1870117
60583.58289;990.1870117
60624.64991;990.1870117
60653.68868;990.1870117
60682.72745;990.1870117
60711.76623;991.5286255
60752.83325;997.175354
60781.87202;997.6967773
60822.93905;997.6967773
60851.97782;997.6967773
60881.01659;997.6967773
60910.05536;997.6967773
60951.12239;998.1346436
60980.16116;998.1346436
61021.22818;998.1346436
61050.26695;998.1346436
61091.33398;1006.216309
61132.401;1012.725464
61173.46803;1013.58667
61202.5068;1014.548706
61243.57382;1014.548706
61272.6126;1014.548706
61301.65137;1014.548706
61330.69014;1014.548706
61371.75716;1014.548706
61400.79594;1014.548706
61429.83471;1015.906372
61458.87348;1024.601929
61487.91225;1027.486328
61528.97927;1027.595703
61558.01805;1028.31897
61599.08507;1029.615356
61640.1521;1030.746826
61669.19087;1031.0177
61710.25789;1031.0177
61751.32492;1031.0177
61792.39194;1032.042603
61821.43071;1032.042603
61862.49774;1032.042603
61903.56476;1032.042603
61944.63179;1032.417725
61973.67056;1034.231689
62002.70933;1036.268799
62031.7481;1036.268799
62060.78687;1037.582031
62101.8539;1039.397461
62130.89267;1039.397461
62159.93144;1039.397461
62188.97021;1039.397461
62218.00898;1039.397461
62247.04776;1039.397461
62288.11478;1039.397461
62317.15355;1041.063599
62358.22058;1041.776001
62387.25935;1041.988525
62428.32637;1041.988525
62457.36515;1042.598511
62498.43217;1043.450195
62527.47094;1043.621582
62556.50971;1044.881226
62597.57674;1044.881226
62638.64376;1044.881226
62667.68253;1044.881226
62696.72131;1046.019531
62737.78833;1046.95813
62766.8271;1049.696533
62807.89413;1053.166626
62836.9329;1054.537476
62865.97167;1054.761475
62895.01044;1054.761475
62924.04921;1055.733643
62965.11624;1059.625122
62994.15501;1062.72998
63023.19378;1065.384155
63064.26081;1065.570923
63093.29958;1065.570923
63122.33835;1065.570923
63151.37712;1065.570923
63192.44414;1068.104004
63221.48292;1070.056885
63262.54994;1073.429688
63291.58871;1073.429688
63320.62748;1073.77417
63349.66626;1074.141602
63390.73328;1080.361328
63419.77205;1082.287598
63460.83908;1091.68103
63501.9061;1094.157593
63530.94487;1099.968506
63572.0119;1101.60437
63601.05067;1105.548706
63630.08944;1111.400146
63671.15647;1116.659424
63700.19524;1116.659424
63729.23401;1116.90686
63758.27278;1118.324097
63787.31155;1121.513306
63828.37858;1127.930176
63857.41735;1127.930176
63886.45612;1131.506592
63927.52314;1131.506592
63956.56192;1131.506592
63997.62894;1131.506592
64038.69597;1132.637329
64067.73474;1136.332153
64096.77351;1138.389038
64125.81228;1140.267334
64166.87931;1140.267334
64195.91808;1140.267334
64224.95685;1141.057617
64253.99562;1141.532593
64283.03439;1141.561279
64312.07316;1143.8479
64353.14019;1145.166382
64394.20721;1147.411011
64435.27424;1152.279175
64464.31301;1153.287598
64493.35178;1155.444092
64522.39055;1157.349487
64563.45758;1159.47522
64592.49635;1160.1698
64621.53512;1161.380737
64650.57389;1163.734985
64691.64092;1165.623535
64720.67969;1167.373291
64761.74671;1167.827759
64790.78548;1169.317261
64831.85251;1175.570923
64872.91953;1175.570923
64901.95831;1175.570923
64930.99708;1178.226318
64972.0641;1179.776489
65001.10287;1180.314209
65030.14164;1180.883667
65071.20867;1183.131226
65100.24744;1183.463379
65141.31447;1186.344238
65170.35324;1188.198242
65199.39201;1189.112915
65228.43078;1192.769653
65257.46955;1196.287964
65286.50832;1197.910767
65327.57535;1200.269287
65356.61412;1203.424561
65397.68114;1205.14917
65426.71992;1208.940063
65455.75869;1210.805176
65484.79746;1210.862183
65513.83623;1215.318481
65554.90326;1215.318481
65583.94203;1217.586914
65625.00905;1220.89978
65666.07608;1223.412354
65695.11485;1223.412354
65724.15362;1225.718262
65753.19239;1227.438354
65782.23116;1229.573853
65811.26993;1235.589844
65852.33696;1237.720825
65881.37573;1240.769287
65910.4145;1245.242065
65939.45327;1245.276978
65968.49205;1246.462891
65997.53082;1247.437622
66026.56959;1249.991211
66067.63661;1249.991211
66096.67539;1251.762451
66137.74241;1255.007202
66166.78118;1256.918823
66207.84821;1259.742676
66248.91523;1265.432251
66277.954;1268.608887
66306.99277;1269.908936
66348.0598;1270.087158
66377.09857;1271.35144
66418.1656;1273.80481
66459.23262;1278.625732
66500.29964;1282.277832
66529.33842;1282.763184
66570.40544;1288.130737
66611.47247;1293.808105
66652.53949;1299.435059
66681.57826;1302.043579
66722.64529;1305.508545
66751.68406;1305.508545
66792.75108;1306.991333
66833.81811;1313.549316
66862.85688;1325.685181
66891.89565;1325.685181
66920.93442;1327.970825
66962.00145;1333.558716
66991.04022;1337.198975
67032.10724;1342.056274
67061.14601;1347.18335
67102.21304;1351.22998
67143.28006;1356.65564
67172.31884;1358.629639
67213.38586;1363.427002
67254.45288;1370.441528
67283.49166;1373.497437
67324.55868;1381.621582
67365.62571;1389.442383
67406.69273;1393.701416
67447.75975;1395.248779
67488.82678;1395.324341
67517.86555;1395.532715
67546.90432;1397.976318
67575.94309;1399.535645
67604.98187;1401.755737
67634.02064;1401.755737
67663.05941;1405.36084
67704.12643;1405.36084
67733.16521;1408.700439
67774.23223;1409.025146
67815.29925;1410.356689
67844.33803;1412.797485
67885.40505;1415.375488
67926.47208;1418.036011
67955.51085;1419.577881
67984.54962;1420.125488
68013.58839;1420.854248
68042.62716;1423.555176
68071.66593;1427.818237
68112.73296;1428.213501
68141.77173;1428.213501
68170.8105;1432.30957
68211.87753;1433.631226
68252.94455;1441.053833
68281.98332;1441.053833
68311.02209;1442.917847
68352.08912;1445.005859
68381.12789;1448.205688
68422.19491;1455.442993
68451.23369;1457.828125
68492.30071;1457.828125
68521.33948;1461.20105
68550.37825;1465.836548
